{
	"format_version": "1.8.0",
	"animations": {
		"animation.creeper.walk": {
			"loop": true,
			"animation_length": 1,
			"bones": {
				"leg4": {
					"rotation": {
						"vector": ["Math.cos(query.anim_time * 360) * 12", -15, 0]
					},
					"position": {
						"0.0": {
							"vector": [0, 0, 0.5]
						},
						"0.25": {
							"vector": [0, 1.5, -0.5]
						},
						"0.5": {
							"vector": [0, 0, -0.5],
							"easing": "easeOutSine"
						},
						"1.0": {
							"vector": [0, 0, 0.5]
						}
					}
				},
				"leg3": {
					"rotation": {
						"vector": ["Math.cos(query.anim_time * 360) * -12", 15, 0]
					},
					"position": {
						"0.0": {
							"vector": [0, 0, -0.5]
						},
						"0.5": {
							"vector": [0, 0, 0.5]
						},
						"0.75": {
							"vector": [0, 1.5, -0.5]
						},
						"1.0": {
							"vector": [0, 0, -0.5],
							"easing": "easeOutSine"
						}
					}
				},
				"leg2": {
					"rotation": {
						"vector": ["Math.sin(query.anim_time * 360) * 12", 15, 0]
					},
					"position": {
						"0.0": {
							"vector": [0, 0, 0]
						},
						"0.25": {
							"vector": [0, 0, 0.5]
						},
						"0.5": {
							"vector": [0, 1.5, -0.5]
						},
						"0.75": {
							"vector": [0, 0, -0.5],
							"easing": "easeOutSine"
						},
						"1.0": {
							"vector": [0, 0, 0]
						}
					}
				},
				"leg1": {
					"rotation": {
						"vector": ["Math.sin(query.anim_time * 360) * -12", -15, 0]
					},
					"position": {
						"0.0": {
							"vector": [0, 1.5, -0.5]
						},
						"0.25": {
							"vector": [0, 0, -0.5],
							"easing": "easeOutSine"
						},
						"0.5": {
							"vector": [0, 0, 0]
						},
						"0.75": {
							"vector": [0, 0, 0.5]
						},
						"1.0": {
							"vector": [0, 1.5, -0.5]
						}
					}
				},
				"body": {
					"rotation": {
						"vector": ["17 + Math.cos(query.anim_time * 720) * 2", "Math.cos(query.anim_time * 360) * 5", 0]
					},
					"position": {
						"vector": [0, "Math.sin(query.anim_time * 720) * 0.3", 0]
					}
				},
				"head": {
					"rotation": {
						"vector": ["-14 + Math.sin(query.anim_time * 720) * 4", 0, 0]
					}
				}
			}
		},
		"animation.creeper.idle": {
			"loop": true,
			"animation_length": 2,
			"bones": {
				"leg4": {
					"rotation": {
						"vector": [0, -15, 0]
					}
				},
				"leg3": {
					"rotation": {
						"vector": [0, 17.5, 0]
					}
				},
				"leg2": {
					"rotation": {
						"vector": [0, 15, 0]
					}
				},
				"leg1": {
					"rotation": {
						"vector": [0, -15, 0]
					}
				},
				"body": {
					"rotation": {
						"vector": ["5 + Math.cos(query.anim_time * 180) * 2", 0, 0]
					},
					"position": {
						"vector": [0, "Math.sin(query.anim_time * 180) * 0.3", 0]
					}
				},
				"head": {
					"rotation": {
						"vector": ["-5 + Math.sin(query.anim_time * 180) * 2", 0, 0]
					}
				}
			}
		},
		"animation.creeper.attack": {
			"loop": true,
			"animation_length": 1,
			"bones": {
				"body": {
					"rotation": {
						"0.0": {
							"vector": [0, 0, 0]
						},
						"0.1667": {
							"vector": [-15, 0, 0],
							"easing": "easeInQuint"
						},
						"0.2917": {
							"vector": [62.5, 0, 0],
							"easing": "easeOutQuad"
						},
						"0.4167": {
							"vector": [70, 0, 0],
							"easing": "easeInSine"
						},
						"0.8333": {
							"vector": [-10, 0, 0]
						},
						"0.9167": {
							"vector": [0, 0, 0]
						}
					}
				},
				"head": {
					"rotation": {
						"0.0": {
							"vector": [0, 0, 0]
						},
						"0.1667": {
							"vector": [-30, 0, 0],
							"easing": "easeInQuint"
						},
						"0.375": {
							"vector": [30, 0, 0],
							"easing": "easeOutSine"
						},
						"0.5": {
							"vector": [32.5, 0, 0],
							"easing": "easeOutSine"
						},
						"0.875": {
							"vector": [-12.5, 0, 0]
						},
						"1.0": {
							"vector": [0, 0, 0]
						}
					}
				}
			}
		}
	},
	"geckolib_format_version": 2
}