{
	"format_version": "1.8.0",
	"animations": {
		"animation.creeper.idle": {
			"loop": true,
			"animation_length": 2,
			"bones": {
				"leg4": {
					"rotation": {
						"vector": [0, -7.5, 0]
					}
				},
				"leg3": {
					"rotation": {
						"vector": [0, 7.5, 0]
					}
				},
				"leg2": {
					"rotation": {
						"vector": [0, 7.5, 0]
					}
				},
				"leg1": {
					"rotation": {
						"vector": [0, -7.5, 0]
					}
				},
				"body": {
					"rotation": {
						"vector": ["10 + Math.cos(query.anim_time * 180) * 2", 0, 0]
					}
				},
				"head": {
					"rotation": {
						"vector": ["-7.5 + Math.sin((query.anim_time - 0.2) * 180) * 3", 0, 0]
					}
				}
			}
		},
		"animation.creeper.walk": {
			"loop": true,
			"animation_length": 1,
			"bones": {
				"leg4": {
					"rotation": {
						"vector": ["Math.cos(query.anim_time * 360) * 12", -7.5, 0]
					},
					"position": {
						"0.0": {
							"vector": [0, 0, 0.5]
						},
						"0.25": {
							"vector": [0, 1.5, -0.5]
						},
						"0.5": {
							"vector": [0, 0, -0.5],
							"easing": "easeOutSine"
						},
						"1.0": {
							"vector": [0, 0, 0.5]
						}
					}
				},
				"leg3": {
					"rotation": {
						"vector": ["Math.cos(query.anim_time * 360) * -12", 7.5, 0]
					},
					"position": {
						"0.0": {
							"vector": [0, 0, -0.5]
						},
						"0.5": {
							"vector": [0, 0, 0.5]
						},
						"0.75": {
							"vector": [0, 1.5, -0.5]
						},
						"1.0": {
							"vector": [0, 0, -0.5],
							"easing": "easeOutSine"
						}
					}
				},
				"leg2": {
					"rotation": {
						"vector": ["Math.sin(query.anim_time * 360) * 12", 7.5, 0]
					},
					"position": {
						"0.0": {
							"vector": [0, 0, 0]
						},
						"0.25": {
							"vector": [0, 0, 0.5]
						},
						"0.5": {
							"vector": [0, 1.5, -0.5]
						},
						"0.75": {
							"vector": [0, 0, -0.5],
							"easing": "easeOutSine"
						},
						"1.0": {
							"vector": [0, 0, 0]
						}
					}
				},
				"leg1": {
					"rotation": {
						"vector": ["Math.sin(query.anim_time * 360) * -12", -7.5, 0]
					},
					"position": {
						"0.0": {
							"vector": [0, 1.5, -0.5]
						},
						"0.25": {
							"vector": [0, 0, -0.5],
							"easing": "easeOutSine"
						},
						"0.5": {
							"vector": [0, 0, 0]
						},
						"0.75": {
							"vector": [0, 0, 0.5]
						},
						"1.0": {
							"vector": [0, 1.5, -0.5]
						}
					}
				},
				"body": {
					"rotation": {
						"vector": ["10 + Math.cos(query.anim_time * 360) * 3", 0, "Math.sin(query.anim_time * 360) * 3"]
					},
					"position": {
						"vector": [0, "Math.sin(query.anim_time * 720) * 0.3", 0]
					}
				},
				"head": {
					"rotation": {
						"vector": ["-10 + Math.cos((query.anim_time - 0.3) * 360) * 3", 0, "Math.sin((query.anim_time - 0.34) * 360) * 3"]
					}
				}
			}
		}
	},
	"geckolib_format_version": 2
}