{
	"format_version": "1.8.0",
	"animations": {
		"animation.creeper.walk": {
			"loop": true,
			"animation_length": 1,
			"bones": {
				"leg4": {
					"rotation": {
						"vector": ["Math.cos(query.anim_time * 360) * 12", -7.5, 0]
					},
					"position": {
						"0.0": {
							"vector": [0, 0, 0.5]
						},
						"0.25": {
							"vector": [0, "1.5 + Math.cos(query.anim_time * 1440) * 0.2", -0.5],
							"easing": "easeOutQuad"
						},
						"0.5": {
							"vector": [0, 0, -0.5],
							"easing": "easeInOutQuad"
						},
						"1.0": {
							"vector": [0, 0, 0.5]
						}
					}
				},
				"leg3": {
					"rotation": {
						"vector": ["Math.cos(query.anim_time * 360) * -12", 7.5, 0]
					},
					"position": {
						"0.0": {
							"vector": [0, 0, -0.5],
							"easing": "easeInOutQuad"
						},
						"0.5": {
							"vector": [0, 0, 0.5]
						},
						"0.75": {
							"vector": [0, "1.5 + Math.cos(query.anim_time * 1440) * 0.2", -0.5],
							"easing": "easeOutQuad"
						},
						"1.0": {
							"vector": [0, 0, -0.5],
							"easing": "easeInOutQuad"
						}
					}
				},
				"leg2": {
					"rotation": {
						"vector": ["Math.sin(query.anim_time * 360) * 12", 7.5, 0]
					},
					"position": {
						"0.0": {
							"vector": [0, 0, 0]
						},
						"0.25": {
							"vector": [0, 0, 0.5]
						},
						"0.5": {
							"vector": [0, "1.5 + Math.cos(query.anim_time * 1440) * 0.2", -0.5],
							"easing": "easeOutQuad"
						},
						"0.75": {
							"vector": [0, 0, -0.5],
							"easing": "easeInOutQuad"
						},
						"1.0": {
							"vector": [0, 0, 0]
						}
					}
				},
				"leg1": {
					"rotation": {
						"vector": ["Math.sin(query.anim_time * 360) * -12", -7.5, 0]
					},
					"position": {
						"0.0": {
							"vector": [0, "1.5 + Math.cos(query.anim_time * 1440) * 0.2", -0.5],
							"easing": "easeOutQuad"
						},
						"0.25": {
							"vector": [0, 0, -0.5],
							"easing": "easeInOutQuad"
						},
						"0.5": {
							"vector": [0, 0, 0]
						},
						"0.75": {
							"vector": [0, 0, 0.5]
						},
						"1.0": {
							"vector": [0, "1.5 + Math.cos(query.anim_time * 1440) * 0.2", -0.5],
							"easing": "easeOutQuad"
						}
					}
				},
				"body": {
					"rotation": {
						"vector": ["10 + Math.cos(query.anim_time * 720) * 0.8", 0, 0]
					},
					"position": {
						"vector": ["Math.cos(query.anim_time * 720) * 0.08", "Math.sin(query.anim_time * 720) * 0.25", "Math.sin(query.anim_time * 720) * 0.08"]
					}
				},
				"head": {
					"rotation": {
						"vector": ["-10 + Math.cos((query.anim_time - 0.2) * 720) * 1.3", 0, 0]
					},
					"position": {
						"vector": ["Math.sin(query.anim_time * 1440) * 0.08", 0, "Math.cos(query.anim_time * 1440) * 0.08"]
					}
				}
			}
		},
		"animation.creeper.idle": {
			"loop": true,
			"animation_length": 2,
			"bones": {
				"main": {
					"position": {
						"0.2083": {
							"vector": [0, 0, 0]
						},
						"0.375": {
							"vector": ["Math.sin(query.anim_time * 1720) * 0.04", 0, "Math.cos(query.anim_time * 1720) * 0.04"]
						},
						"0.6667": {
							"vector": ["Math.sin(query.anim_time * 1720) * 0.04", 0, "Math.cos(query.anim_time * 1720) * 0.04"]
						},
						"0.875": {
							"vector": [0, 0, 0]
						},
						"1.3333": {
							"vector": [0, 0, 0]
						},
						"1.5": {
							"vector": ["Math.sin(query.anim_time * 1720) * 0.04", 0, "Math.cos(query.anim_time * 1720) * 0.04"]
						},
						"1.7917": {
							"vector": ["Math.sin(query.anim_time * 1720) * 0.04", 0, "Math.cos(query.anim_time * 1720) * 0.04"]
						},
						"1.9167": {
							"vector": [0, 0, 0]
						}
					}
				},
				"leg4": {
					"rotation": {
						"vector": [0, -7.5, 0]
					}
				},
				"leg3": {
					"rotation": {
						"vector": [0, 7.5, 0]
					}
				},
				"leg2": {
					"rotation": {
						"vector": [0, 7.5, 0]
					}
				},
				"leg1": {
					"rotation": {
						"vector": [0, -7.5, 0]
					}
				},
				"body": {
					"rotation": {
						"vector": ["10 + Math.cos(query.anim_time * 180) * 2", 0, 0]
					}
				},
				"head": {
					"rotation": {
						"vector": ["-7.5 + Math.sin((query.anim_time - 0.2) * 180) * 3", 0, 0]
					},
					"position": {
						"0.375": {
							"vector": [0, 0, 0]
						},
						"0.6667": {
							"vector": ["Math.cos(query.anim_time * 1440) * 0.06", "Math.sin(query.anim_time * 1440) * 0.04", 0]
						},
						"1.0417": {
							"vector": ["Math.cos(query.anim_time * 1440) * 0.06", "Math.sin(query.anim_time * 1440) * 0.04", 0]
						},
						"1.25": {
							"vector": [0, 0, 0]
						}
					}
				}
			}
		},
		"animation.creeper.attack": {
			"loop": true,
			"animation_length": 0.5,
			"bones": {
				"main": {
					"rotation": {
						"vector": ["Math.sin(query.anim_time * 720) * -1", 0, 0]
					}
				},
				"leg4": {
					"rotation": {
						"vector": [0, -7.5, 0]
					},
					"position": {
						"0.0": {
							"vector": [0, 0, 0]
						},
						"0.125": {
							"vector": [0, 1, 0],
							"easing": "linear"
						},
						"0.2917": {
							"vector": [0, 0, 0],
							"easing": "easeOutSine"
						}
					}
				},
				"leg3": {
					"rotation": {
						"vector": [0, 7.5, 0]
					},
					"position": {
						"0.0417": {
							"vector": [0, 0, 0]
						},
						"0.1667": {
							"vector": [0, 1, 0],
							"easing": "linear"
						},
						"0.3333": {
							"vector": [0, 0, 0],
							"easing": "easeOutSine"
						}
					}
				},
				"leg2": {
					"rotation": {
						"vector": [0, 7.5, 0]
					}
				},
				"leg1": {
					"rotation": {
						"vector": [0, -7.5, 0]
					}
				},
				"body": {
					"rotation": {
						"vector": ["Math.sin(query.anim_time * 720) * -20", 0, 0]
					}
				},
				"head": {
					"rotation": {
						"vector": ["Math.sin((query.anim_time - 0.6) * 720) * -28", 0, 0]
					}
				}
			}
		}
	},
	"geckolib_format_version": 2
}